,1,0,0,1125,1500,1125,1500,pdq,5d673e487306b3720cbda3985597ebf15532b4210e5ac149cbe228a5d0dc5fbc,100
1-,2,0,0,562,750,562,750,pdq,5edc31160ca53ff86e0bd8ec16b2368ce1351cf8d106285ea6f49d23c8ed9e6a,100
1-1-,3,0,0,281,375,281,375,pdq,cfa28e27880617a59f16131d3b347118717da832527cecfe545ce1a7175967a5,100
1-1-1-,4,0,0,140,187,140,187,pdq,ae318e31fa6671dea1da8dac88ec8af8c7b1a5311573524a52c661c7ac8f8f19,100
1-1-1-1-,5,0,0,70,93,70,93,pdq,e2bb21bd8f4a87754328225a14a519eb35546cf59b4b93aec29eac14d969fa49,100
1-1-1-2-,5,70,0,140,93,70,93,pdq,1a75d1838a3ebf8715f6ad55c0ab176e48d9dbe5b4944aab4a2f24d25b406499,100
1-1-1-3-,5,0,93,70,187,70,94,pdq,e427e427e427c66647e6c7f49fe7da06e82e3e077c9201de39d039d819981b18,100
1-1-1-4-,5,70,93,140,187,70,94,pdq,063acf79c3b1e1baf1cc718e798e7986189e1c0e1c1e1cae1d440abbc731e771,100
1-1-2-,4,140,0,281,187,141,187,pdq,f401f807b9c4cf45c6038b3f18fe03ffe3f03fc11f705c7141d070f018d6a83f,100
1-1-2-1-,5,140,0,210,93,70,93,pdq,3dc8e187c0fb39f9469c0e68398fd79cc0f021e85a90ed2f4f0e1c38498cef4f,100
1-1-2-2-,5,210,0,281,93,71,93,pdq,c9bc492ac92e9df41574bb2ab33ab3117713949394d3aeab8ea254575d55620c,96
1-1-2-3-,5,140,93,210,187,70,94,pdq,5e331a3632343a307a347b345a36da74fbd4cad0dad0d3ddc8c4dbd0c9d8c9c0,100
1-1-2-4-,5,210,93,281,187,71,94,pdq,0d434f922ccb88372f89dc66e0199f70e21cb4eec3b434cadbf424cb9b342ecb,41
1-1-3-,4,0,187,140,375,140,188,pdq,ffd80740d00fbb458be456681b0699f1649e377fadb06492211faca17d266d99,100
1-1-3-1-,5,0,187,70,281,70,94,pdq,e3f6c387a1f94541ac687c863a0e5cd738cff8f08e2b393823273736c083ccf8,100
1-1-3-2-,5,70,187,140,281,70,94,pdq,d62d04f12df08e2ede07e617fc5e63ce1bc619c718e338c930dc939ce3186331,100
1-1-3-3-,5,0,281,70,375,70,94,pdq,cf0fcb99938102e13ca57a7016e356edd2fe62fc639ce6dc8c468903e94b2c94,100
1-1-3-4-,5,70,281,140,375,70,94,pdq,d9dc91f0b1baa0785a785a387e3c3b50807c812105a8573f7e1e6f47a765e18f,100
1-1-4-,4,140,187,281,375,141,188,pdq,6ebc840cea7b39f550a471723ab5d1a464530f1dd9ac075fe64199bc66474c39,100
1-1-4-1-,5,140,187,210,281,70,94,pdq,93619b390992599b1ad9b159932c9da36c936ec76664c66cb37229bb5993b885,69
1-1-4-2-,5,210,187,281,281,71,94,pdq,802457ba9ffc53d87b9f67954222f8d5f80f19a999fc11e8a51527240358f91d,45
1-1-4-3-,5,140,281,210,375,70,94,pdq,40aa74aadf2890e60aa7cead6e952ad5ba6797285d8064ccb3654991e9d5f366,80
1-1-4-4-,5,210,281,281,375,71,94,pdq,b3f553d575692c0b2c9afe92dfa6da26ef2d92592459345218161807c00fe3fa,100
1-2-,3,281,0,562,375,281,375,pdq,dade436bfb4d04d674b23e6e0e812632aa4cb1995536bdc81291ded4210d9efa,100
1-2-1-,4,281,0,421,187,140,187,pdq,9969314d9e52b652a53b9e1bb29bb287a69d614d4f21453555565d6aed2ac522,100
1-2-1-1-,5,281,0,351,93,70,93,pdq,c165d1e55df34d99609029b93d6d7f2c0c2c0d24ceb6fde3edab131489446366,100
1-2-1-2-,5,351,0,421,93,70,93,pdq,f4e057d091d18999e3269b2e8f2e944d9473b6c68f964a8e6a8da6331b54dcd2,100
1-2-1-3-,5,281,93,351,187,70,94,pdq,d5bcd25be85b2cadb4a58a5bca5d4ea5a5b4aa5d424d662da4b6c04bd24b342a,68
1-2-1-4-,5,351,93,421,187,70,94,pdq,e563a571ad70bd64b326b166b506b4aaa18be089a3d98fd9a8d9a85cb9568d54,100
1-2-2-,4,421,0,562,187,141,187,pdq,a05c938c4dd233ed887694db4837e18eeb463334861ccd2b6fa56196a7ad9b51,100
1-2-2-1-,5,421,0,491,93,70,93,pdq,5e7ac22cca310e176f6bb72be32dd1705982aa3a3f0fda83f0c91193a658915b,100
1-2-2-2-,5,491,0,562,93,71,93,pdq,1fc3c0fc3f33838068c0d4ce697090315fdfbdaf7ec781fe263198c70f3ae001,100
1-2-2-3-,5,421,93,491,187,70,94,pdq,510a8a2577413aa5876442ac4566fd5a6c57e54a6cab5caa6ab547e5a3fcd447,100
1-2-2-4-,5,491,93,562,187,71,94,pdq,7b4037adce26933f5a0beda853e96f630c8438c36c316cde30e7da72c4830774,100
1-2-3-,4,281,187,421,375,140,188,pdq,6228450aadb13a5f34aa6d25c65c0bf560aafc1e8f4843f7aca95e7ae15615ad,100
1-2-3-1-,5,281,187,351,281,70,94,pdq,d5782ac6156bca3075ef12ad8e5177ae2b5095b0666bd09c0627f2b94d8cba63,72
1-2-3-2-,5,351,187,421,281,70,94,pdq,751bb99544e2ae75e3a8e4efea0515e68e2a55f5c91a01e5d8ba335548aa2555,76
1-2-3-3-,5,281,281,351,375,70,94,pdq,ce7ac6426ece6e6f85690721932c830e935eb743b56c790c498d59c1e173267e,100
1-2-3-4-,5,351,281,421,375,70,94,pdq,69364b365a5cda37d29d96bc56af648965ab316648cad339631ab2584c9b4c4b,100
1-2-4-,4,421,187,562,375,141,188,pdq,ab652d61ad10253c6eb66df65dc4144d9fdc1d1c17182702938753a732eebacc,100
1-2-4-1-,5,421,187,491,281,70,94,pdq,79b144875a96595729c624a12caf4cc64d5ded20e147aa394f2fe516e419ab6f,100
1-2-4-2-,5,491,187,562,281,71,94,pdq,5f31d732ff63e6cba6c58792a3f807e156a10fb6019c381509d7f9562148f0ca,100
1-2-4-3-,5,421,281,491,375,70,94,pdq,26bc1292323246b644cec82dbaee3f4d5b73a906b3eb1b06527d55a9c42ad277,100
1-2-4-4-,5,491,281,562,375,71,94,pdq,9658569847cb62d83add5ad26bd5ede3a8432d41b5230da7c4a4d8b0eaf0c37c,100
1-3-,3,0,375,281,750,281,375,pdq,0d19d90825e4c9cc333dcf9892b1a617987e2e5a79d176cb51c3e22e0a8efb35,100
1-3-1-,4,0,375,140,562,140,187,pdq,ad1948e35b5e9252b4a5a50e2bd54827daf6134b245a45b4db27137c64c9efb2,100
1-3-1-1-,5,0,375,70,468,70,93,pdq,6c38f381fceb7d1be07fe0c101ff83e907ff03c39fc007028701f00f0f07fc0e,34
1-3-1-2-,5,70,375,140,468,70,93,pdq,ccad98da6292c65518c9e13ac65238cdc5bb1a7464cd8f3972668f9e78790787,100
1-3-1-3-,5,0,468,70,562,70,94,pdq,c5d964e51826e3091712567660cded587932db85ae2c0fe340fc17dc037179bf,100
1-3-1-4-,5,70,468,140,562,70,94,pdq,7fcdf251c07f5acefd5069c581ad6ccbcc9fcc8cc589c2d8e0f8c0f918e003e0,100
1-3-2-,4,140,375,281,562,141,187,pdq,a423973f4a1d0990a5baf6cc5a4ca16634f75ab3af5b4d89f9a4757600ca4a69,100
1-3-2-1-,5,140,375,210,468,70,93,pdq,1ca1b0d7c3160c2838f5f79f8e1a386cf5e543120ebaf0f283051fbfea7a850d,100
1-3-2-2-,5,210,375,281,468,71,93,pdq,8fbf61e2bc0467f8d8cf770199cd467f9988ece1bb1c88c33988e7af03394044,100
1-3-2-3-,5,140,468,210,562,70,94,pdq,5000d42b16af1fef07f8aa00e80ffebe0fd00fc0622ee85faa5f2b42af40af5e,100
1-3-2-4-,5,210,468,281,562,71,94,pdq,a5b1b6b892c692c3d863db19e90cc5af4cb74d986d984c98c60b255b97e9f641,100
1-3-3-,4,0,562,140,750,140,188,pdq,cdf8a21a5f0ca9037a07c1f3289cd56e2d13b88baf55f1ab1c4aeabd1c08f8d4,100
1-3-3-1-,5,0,562,70,656,70,94,pdq,89cef07e331f83c79876381cc3e7c4d31c0c81b2c6f1c64ecda123f92327c5e6,100
1-3-3-2-,5,70,562,140,656,70,94,pdq,2c544c122d4a6c5925a4a5aba56ca4edb56aa53794b4b4bda69ed6b55ada30ad,93
1-3-3-3-,5,0,656,70,750,70,94,pdq,32dcfc8fdc750762019ef8893e770f54e0bff0881e6209dde512a24a1da0aaef,100
1-3-3-4-,5,70,656,140,750,70,94,pdq,10d78c61e71e70e71ffcaa9e5ac3f0502f77129cfd090153bc354bead45221a5,100
1-3-4-,4,140,562,281,750,141,188,pdq,417e9ed028a55b6e17c0fc3781fc37c0e83723ee4c809137eec990166ffd9511,100
1-3-4-1-,5,140,562,210,656,70,94,pdq,c7c0707f1c37e380787427bfd5c4f038bf1f22e0e53d4bee5411a1e47e09088f,22
1-3-4-2-,5,210,562,281,656,71,94,pdq,a0af0f1a3c1dc55a9695f0aac294faa94154f75d405a97e99baaa3a9b7a43465,33
1-3-4-3-,5,140,656,210,750,70,94,pdq,c8f31fe71f87900f003bf779c7f01f40300f03dfbf185870c8c104cffffc7800,100
1-3-4-4-,5,210,656,281,750,71,94,pdq,39363326e23d06797cf9f0c1d1931712fc7240661fc6f00c01f9bfc1882b6efe,100
1-4-,3,281,375,562,750,281,375,pdq,761ce378dc33ffc1c3b6880ebd3160dc3e47dfc4922e393937e0002663896fd0,100
1-4-1-,4,281,375,421,562,140,187,pdq,29286569ae836db6d76b871b6924d1c9f39266c495b9a546a8a9b9624d6c5b1b,100
1-4-1-1-,5,281,375,351,468,70,93,pdq,b2ff31762a2155ff2a537028dd3292f949146969b59d749272496f9d912599a4,95
1-4-1-2-,5,351,375,421,468,70,93,pdq,cecccc36587a776450c7c77644c931ce3383ceba2ac8323366442d996d9a9b37,100
1-4-1-3-,5,281,468,351,562,70,94,pdq,c976c9321bf96245ce458ec298863397266626e64cd9789e4d996cf91b06e9f8,100
1-4-1-4-,5,351,468,421,562,70,94,pdq,b438f261cd42712c203d345b66cb028d07b8bc3122c3c6c6fbfc91045dafffee,100
1-4-2-,4,421,375,562,562,141,187,pdq,023d01fa4ff01de91fe427e94dd6fbb3fe0cfff4e3b8d903a609bc0102011075,100
1-4-2-1-,5,421,375,491,468,70,93,pdq,1f6b17e51e8f381ab071b2039e16f8f00c076d9e6c3c401f00f83bfefdf0c5b0,100
1-4-2-2-,5,491,375,562,468,71,93,pdq,addf72a784a83176e9493a2e81ca243289c8363e85d6342dc0b9f66bf19f1e0f,44
1-4-2-3-,5,421,468,491,562,70,94,pdq,0fa9e69a0150e96d0aaaee565d61c2a9ffd64022fba964529f02caf50413bf6f,48
1-4-2-4-,5,491,468,562,562,71,94,pdq,d45b88b9f978c0be81fee2edc1ea00d4d8e95dfa0551dba95d832d415a837c81,100
1-4-3-,4,281,562,421,750,140,188,pdq,0b582fc1a183b223123aba5ebf76abe303714fdcfede50035061407ca6fcb6a6,100
1-4-3-1-,5,281,562,351,656,70,94,pdq,956e2d19606a9fb792ceeabc243aa3e7681a48d9d306be3d059c01ebda048bbe,100
1-4-3-2-,5,351,562,421,656,70,94,pdq,920792c8333c2065ed1f54f95fde48f96326e899efe28bf09b23824e6463330f,100
1-4-3-3-,5,281,656,351,750,70,94,pdq,feefff4efeb6fb54f528ea95f952802df252c82dd15660a880045252a82d4643,76
1-4-3-4-,5,351,656,421,750,70,94,pdq,11dc8b8c507e951c127c179ca9f450b8a2fe0a3aab7cabbf9194a55e51d5355c,75
1-4-4-,4,421,562,562,750,141,188,pdq,c1e667f3ffa0f01bc1ff003b1808ff03f81fc407e0400f06f3c17e7fffc0e020,100
1-4-4-1-,5,421,562,491,656,70,94,pdq,1c3c7affc63987611f1f3f80418f03c0678fe07883c70f029ce333c0ce79f876,100
1-4-4-2-,5,491,562,562,656,71,94,pdq,57f8cefaa5b62f046be91f688ade14070e81f42add7af55e9555b0013a409ba4,15
1-4-4-3-,5,421,656,491,750,70,94,pdq,285693efe994a66b5b3525ca90e56412b2686dc332fec9dd26624b13e5c8c766,100
1-4-4-4-,5,491,656,562,750,71,94,pdq,abc052ff058075fea841f4fe9a015dfe0863591ce80b6540a96f0dd0fbd31fca,17
2-,2,562,0,1125,750,563,750,pdq,42f6386e502d3f84cbd15bf0b6b8e4ac6a033f06b7b8b2accc505816d6a396f9,100
2-1-,3,562,0,843,375,281,375,pdq,3e5b4b27e0d31e68c3323ccb070171f9fc1d430a787814cee7713d5ae6828e75,100
2-1-1-,4,562,0,702,187,140,187,pdq,0ee7b43ce6c0e25ac03b8b434f20fda5f83d38848250fe7864cb052f7fbfc870,66
2-1-1-1-,5,562,0,632,93,70,93,pdq,983431c2670bc739f89540d4f74e9f382021fee6cfc7f818196b1720e4fdcc1b,40
2-1-1-2-,5,632,0,702,93,70,93,pdq,114cac2dfef2d7f3898d000e7c76fdf30b89410d35a6ba72df79018d0016de5a,25
2-1-1-3-,5,562,93,632,187,70,94,pdq,ffc0ffe09fff0fff03ff00fc007e0036301df006e307cbcba7e643e328083005,41
2-1-1-4-,5,632,93,702,187,70,94,pdq,119d3ef9e18c8c23f1656e6371a4e9ca930dae56295960add3d38f2a071fd8d0,13
2-1-2-,4,702,0,843,187,141,187,pdq,95d73b255a50acb64b22244baddc76a5d9625b6474b2acddd552eb42b4102bba,100
2-1-2-1-,5,702,0,772,93,70,93,pdq,95a66b4d849556a9ed5792a66aada15654a94d5ea4545babadcc46255ad3a4f0,82
2-1-2-2-,5,772,0,843,93,71,93,pdq,75588b295866b649db93c69c674fbceac2c1ade5163823875a71b91e36c4c9e0,100
2-1-2-3-,5,702,93,772,187,70,94,pdq,a5536955dbe6b6aa248a5ab55ad5a4a5a5abea835a546d502d4a4abe5a8cad19,61
2-1-2-4-,5,772,93,843,187,71,94,pdq,43494a5c166f4cf76b65f4e80e93a44acade73994c704c4bb4f24af3d5725a22,100
2-1-3-,4,562,187,702,375,140,188,pdq,784bee2ff3272df3825262383b1c95c864661234489ef64faf6340997ad4e52e,100
2-1-3-1-,5,562,187,632,281,70,94,pdq,02b401d77059efe073b9bd8d5c77310b82e00429ff14fddae28ce17338fd2742,100
2-1-3-2-,5,632,187,702,281,70,94,pdq,3f36039bfa4007ba508d590779908bdc3d0752f9adacbbb7d4412d6c92ca2d2d,97
2-1-3-3-,5,562,281,632,375,70,94,pdq,8151deed0059f069d168f54956cbd069f72f10af9aadaa8dabe59075a8558555,100
2-1-3-4-,5,632,281,702,375,70,94,pdq,0e9f53f4e07290b4ee1dd6173306c752f8d03f1e47c68ccab222ef8229b89e5a,100
2-1-4-,4,702,187,843,375,141,188,pdq,55633a35010fabe446fa5c2f575143e950d6544376fc7e5f7099108095f35575,100
2-1-4-1-,5,702,187,772,281,70,94,pdq,70a55e5af583feda9f6ee4d4934f6db68614f12b8fa441328f0873f6054a810c,25
2-1-4-2-,5,772,187,843,281,71,94,pdq,55256b55aaad4912aaa5552a7a27aca9d555b5a555229575b5571547150fd55c,54
2-1-4-3-,5,702,281,772,375,70,94,pdq,1a9f770f8d86e9cb8a25d152d75873f823ad5f7c075e9a230bab2a215865d860,100
2-1-4-4-,5,772,281,843,375,71,94,pdq,e115864a7fa5f55a800f3770ffd8cc25015282a9f5de122381556df636bbb455,100
2-2-,3,843,0,1125,375,282,375,pdq,9876fbd3e3a05efe20a5837f7c84031b20e4eb1b0c7cdb9b64385fc3203d0f48,100
2-2-1-,4,843,0,984,187,141,187,pdq,96b4fc2f30e59fc3cd6963d6ac847821b7ed1bd8ec9f1152f30405b76041c938,100
2-2-1-1-,5,843,0,913,93,70,93,pdq,721813775de9e69031aac31f4c61f99dba1756a16e1dd1e01a3b26a31cc9b3d2,100
2-2-1-2-,5,913,0,984,93,71,93,pdq,b61b4cf83dad2f35dee6c5a6b0276b025b45528b20d6853c5ecb113f45d0d874,100
2-2-1-3-,5,843,93,913,187,70,94,pdq,0de08ab7decc920968438f1bb1bc3decc3bc2cf119b5f274d19b3d0c8c52289f,100
2-2-1-4-,5,913,93,984,187,71,94,pdq,84f7166f09130f0ff383d12399c8cf2c764c23b2b073e2703881c5f6d6e7caf8,100
2-2-2-,4,984,0,1125,187,141,187,pdq,205db0f7f794d0f1710335838592169676e4b468e2a9f33093270e6769fec8f3,100
2-2-2-1-,5,984,0,1054,93,70,93,pdq,7825ecb4e1cb4362cd56b74a658568326e06e6efd5d8c1190ebc6e569b416197,100
2-2-2-2-,5,1054,0,1125,93,71,93,pdq,6f59b535b709cce5b526d16a66e4c5ec3b27f3c5615e16dc5849688b72e00c24,100
2-2-2-3-,5,984,93,1054,187,70,94,pdq,45f66c96c514cf861fc317830f9f30b9f5eae3a5f1405269087c64e467ac4eb1,100
2-2-2-4-,5,1054,93,1125,187,71,94,pdq,f0d061fc29f00b932b0b23e803f80771ff096f64c37cfe017611f79783d11f83,100
2-2-3-,4,843,187,984,375,141,188,pdq,7698a26c3dd263a9ee23949663ac98e6b1757167f248c9171e6c49d037c6e0b9,100
2-2-3-1-,5,843,187,913,281,70,94,pdq,67940f2dcaddf1b26c269e7d13c261aede72685653d0f589a52548c3cb3b130c,100
2-2-3-2-,5,913,187,984,281,71,94,pdq,9407d5e704740c0f3ffb62709ff89cc0988733fc7988a0c1f3c1781338fc1fad,100
2-2-3-3-,5,843,281,913,375,70,94,pdq,4f1658d1668f593062cecab9b276a352997a31539e9512a76c92d547752764e6,100
2-2-3-4-,5,913,281,984,375,71,94,pdq,6b50a843e88f318987be6f66f8d875a9cd0cd223c0a21dccb75568b1fa03c37e,100
2-2-4-,4,984,187,1125,375,141,188,pdq,2bd8ee1f38f9f600d7e9660e187be322ccc927de363b13e0c8890fee3a110746,100
2-2-4-1-,5,984,187,1054,281,70,94,pdq,8e66049fa0672d28cb99ad6889da6066bb1b4f6488d95477ab8c57732b8cd733,100
2-2-4-2-,5,1054,187,1125,281,71,94,pdq,9734a941ef0b48347f8614f9e3db0ed1c9a7b038b64bd238c0b72f80806bff3c,100
2-2-4-3-,5,984,281,1054,375,70,94,pdq,dcb93ba4cc9910ae455b99e37798fcd073acf85121aeaa583aa48d180a42f5bf,100
2-2-4-4-,5,1054,281,1125,375,71,94,pdq,e05ff87fa01ffe7ff01736fff10d3a80ee009c00f662fb80807fea00c0ffe000,100
2-3-,3,562,375,843,750,281,375,pdq,e27627b6195215b67a5239d2ab12498b1a1f39b909c7f5cdac940c7a46f0cf63,100
2-3-1-,4,562,375,702,562,140,187,pdq,3a5f6ac8a993fb4590d529f39a4495f554d505349b6d24d9cd23314b26a9d9b4,100
2-3-1-1-,5,562,375,632,468,70,93,pdq,b187b0473c6d33adf1a699b71cd172fbaa7289494869232c0b26cbb739551754,70
2-3-1-2-,5,632,375,702,468,70,93,pdq,b4dad756512a692c7a6a6a252da4b0681b66a5ae4ab5aba5a4dd4935f192bd8a,100
2-3-1-3-,5,562,468,632,562,70,94,pdq,85ef4b87b0086afcbfa368161ff8eb824507a8fc52a8855f7aaf75428a1588ea,39
2-3-1-4-,5,632,468,702,562,70,94,pdq,8e1e0b6b14f87cf9704de3e14f05fc6d9cdc0f4370cd509c130f321c62f8d9f0,100
2-3-2-,4,702,375,843,562,141,187,pdq,ef6a2bdfca9552875402d44342535109b508690ca1f4bdee8cea7bbbe79f085c,100
2-3-2-1-,5,702,375,772,468,70,93,pdq,f0587db8178b80f9aabd1a165f52070300f9de1f7e010bc552503faea5add6d3,100
2-3-2-2-,5,772,375,843,468,71,93,pdq,936ab25566a864a7c4228b68bb5e92b7e6a76e21ad4c95465377aa91c4aa566e,100
2-3-2-3-,5,702,468,772,562,70,94,pdq,85e9a0a5d405de039e8052f254fa82f4aaf4fd0ebd0e292c05fc45fcdea5bd25,100
2-3-2-4-,5,772,468,843,562,71,94,pdq,ca4adbda9aca925a331a96ca8cda31da36522672779accdacd9a759289325276,97
2-3-3-,4,562,562,702,750,140,188,pdq,ad3c95f0d65bad69a52dd4329ac7ef648ca32a952ad59aa818a34cc651f07547,100
2-3-3-1-,5,562,562,632,656,70,94,pdq,d016529f969fd6b497d49596b494b494a6b474b4a5b475b06aa46d24a92d9a6d,47
2-3-3-2-,5,632,562,702,656,70,94,pdq,dad50cc3d1ca68e436256ae7356b76a6493cf677a653a8508aad51ad5c2b2554,100
2-3-3-3-,5,562,656,632,750,70,94,pdq,b58f693052c78cb82b474ed85527ab4caa9355ac155baed6aca9a5aabd54a219,87
2-3-3-4-,5,632,656,702,750,70,94,pdq,953396bb52da1b690b6d096f2927c937093308b14191d712ffdaffdafb88c001,100
2-3-4-,4,702,562,843,750,141,188,pdq,b48c0b2567bd582c26b0195c9432d3d8aa679358ad6c735bade4eab32cadccb2,100
2-3-4-1-,5,702,562,772,656,70,94,pdq,126ace122165499d976a42cab6b5e1ad6b7a1ad2a7567c2d51a949f24acd57b4,100
2-3-4-2-,5,772,562,843,656,71,94,pdq,ea5be5ed1eb419429cabead3f54c06a4f6d27129c7188e44b4e4acd7898b49a8,100
2-3-4-3-,5,702,656,772,750,70,94,pdq,6c2565f151f8879d84d7c87b9cbc929ca3e323a149d40d4a4ba511147faa7f95,100
2-3-4-4-,5,772,656,843,750,71,94,pdq,ce017b50cc2f730bcad2933f7cc63772918f9a61fd8829678581d64692d1c6ec,100
2-4-,3,843,375,1125,750,282,375,pdq,269214c5622c6cab32a4ebaca5ad65edd58d553d0daf3d2389661d653a762a74,100
2-4-1-,4,843,375,984,562,141,187,pdq,7973e14b91dfb952d83b804b1083b45a00baa7c17afafbca8bca5227a72d032f,100
2-4-1-1-,5,843,375,913,468,70,93,pdq,85f2e06ce8fb9b6c92599e13d26d85d24f640c6b30e6f949b101d85e3bab9495,100
2-4-1-2-,5,913,375,984,468,71,93,pdq,ee47bc2c5c4eb85db41d78196a55953189300ad485f685de82de65e6d7a67641,100
2-4-1-3-,5,843,468,913,562,70,94,pdq,8fa79eaf9cedd0cde619ac1b281f68357864706646f686c307ce0f1bbb987100,100
2-4-1-4-,5,913,468,984,562,71,94,pdq,d6ef2b66d2e5a6ad6a568b6c54a4a80a493692b6296ad6969a2a6693dcb6a946,100
2-4-2-,4,984,375,1125,562,141,187,pdq,14a9c8b5c4fe45eb398db9d4bddc9a8dca9d501a713b5813b953caf0b0b22d21,100
2-4-2-1-,5,984,375,1054,468,70,93,pdq,01f81ccd9cdd8d3d0339f35a8458c8b8da2ce207612bf5ab52f32d42e9f7b0d4,100
2-4-2-2-,5,1054,375,1125,468,71,93,pdq,01420e81bc020455c07f81fbe2d07781979d437f52deb4bd9c6f4f566f7c61ac,100
2-4-2-3-,5,984,468,1054,562,70,94,pdq,43d83ff867583d594019629f6009629bc01b1fa97f7923e14fdfaaa1630b985b,100
2-4-2-4-,5,1054,468,1125,562,71,94,pdq,152525a5b4a474b492964ad60a526a52af53f56bb56b56a91aad62edca959537,100
2-4-3-,4,843,562,984,750,141,188,pdq,b0b345b03608926c0d6cec44dbaf6597ed558b6ddb49664adbfa9742249e6ca0,100
2-4-3-1-,5,843,562,913,656,70,94,pdq,f0b3c0415d5c0eabed211179c8da2e7f0fa54f14903af84ba8d521f6279b27ad,100
2-4-3-2-,5,913,562,984,656,71,94,pdq,8da718c0333af7b7ef25b638866f85e77c9cbc0bc09389184d3578e36146970c,100
2-4-3-3-,5,843,656,913,750,70,94,pdq,3cc09106d39e44b82634b271fa77c8e7e6a5170dff1cc0c48fe4b783428e7c7c,100
2-4-3-4-,5,913,656,984,750,71,94,pdq,53c5c7c7a38f870c430c705e7c3caf1ce3cce1e8c71c071c0e1c8e3bce7bc0f1,100
2-4-4-,4,984,562,1125,750,141,188,pdq,cc8e51533b791d8cbc0e403adddab5587a2c505ef2c1557094ffb5e129e06363,100
2-4-4-1-,5,984,562,1054,656,70,94,pdq,e7668ecdf6d69e8b758447b3748d47327981213eab239926bb6246c1d42ce50c,100
2-4-4-2-,5,1054,562,1125,656,71,94,pdq,2d6ec291b56e4ad1957e4547b5b8e54795183577e5089376e54989661ad9b28a,100
2-4-4-3-,5,984,656,1054,750,70,94,pdq,5d33da1b18bb1e2a472ec344f145acd368a9f0b931f079f0d0d285a72b47e6d1,100
2-4-4-4-,5,1054,656,1125,750,71,94,pdq,201643fad552afdf652bb9f29962975864aab4df888a3d2a6b2a5178626ad6c4,100
3-,2,0,750,562,1500,562,750,pdq,f1d29182fdd4b62fcbfce22fc3db000b01ffc1a407b500dcc0334fc80fbd3c35,100
3-1-,3,0,750,281,1125,281,375,pdq,8cfbdc059f410fcb007f98759e433c833bc931fd30d77783c309871e0790f03e,100
3-1-1-,4,0,750,140,937,140,187,pdq,60dd7cf5679940641a3b97c83631363d0fa61d301f2f976167484c4f9bd35352,100
3-1-1-1-,5,0,750,70,843,70,93,pdq,1ab04ab84ab0cbb1e9b3e943e947e24de64de64c6d7679b259b25db235303630,89
3-1-1-2-,5,70,750,140,843,70,93,pdq,f6efd9f90df233f0c3ba0a6a181e909e160fb41f24616d801b187ed1ec13ce66,100
3-1-1-3-,5,0,843,70,937,70,94,pdq,c6ac76c3390399a744d28678033e7fb4f9cbf84544670113ab997fac5556aa13,100
3-1-1-4-,5,70,843,140,937,70,94,pdq,fda7d1210f5cfcf3e3200c7e791fe2480cbfbba1c6581da7f1388c8922243333,100
3-1-2-,4,140,750,281,937,141,187,pdq,a36b9dc08e413fb68cc79637d8c958e6639e0de624e3b786d68e101c00fee3b8,100
3-1-2-1-,5,140,750,210,843,70,93,pdq,cc8cb868a2340bf40dc72fcfbf1b68005a84d2b806b539e567cf6e89bbbbc40e,100
3-1-2-2-,5,210,750,281,843,71,93,pdq,7e0ec3366572b0676176b36471d1b366cf9b632299934cc3a730ab98554a49ab,100
3-1-2-3-,5,140,843,210,937,70,94,pdq,b77c8007157854ae5ab96a56c9594d66d911126ab6a9325574dabe9b648dcb72,100
3-1-2-4-,5,210,843,281,937,71,94,pdq,b71b05e49013ff8097fbd00edbf3021d4002dff853ff48007f0669e1e0207bff,75
3-1-3-,4,0,937,140,1125,140,188,pdq,439702b37431e411e711c7317775347da66f4643c2c35ac0387c3c7cc78ef1c7,100
3-1-3-1-,5,0,937,70,1031,70,94,pdq,01caf06f7e5842cb92e35c8b9fca557a4d1b9346cdd093568307649993666cdb,98
3-1-3-2-,5,70,937,140,1031,70,94,pdq,d737cceb4933b679f299c326c4dc6598b3ac3fdc493e38916c02d20690ec6598,100
3-1-3-3-,5,0,1031,70,1125,70,94,pdq,964b6ca4d25b249392db2db49249256496db6d2492db4db4b6db492436db9b6c,68
3-1-3-4-,5,70,1031,140,1125,70,94,pdq,8b72bafeefa31ae92a50d4a32170797b0be9260cbdd19f1503f6f80b1f8000fc,1
3-1-4-,4,140,937,281,1125,141,188,pdq,3ffa7ff8ffecffa0dec0d8a01008608e018f701f239e183f88c78c739c638e0c,53
3-1-4-1-,5,140,937,210,1031,70,94,pdq,d9346059425962c3f7c386c34c847c13b93f50fef0f8e3e045436d4bb4adb5a5,78
3-1-4-2-,5,210,937,281,1031,71,94,pdq,de521952e90ae75a625a4bd2fada58aa7a8afefa024afffa003af1027ffe0000,7
3-1-4-3-,5,140,1031,210,1125,70,94,pdq,9d5a47ecae98c5a92556c8d2b288cc6d33bb4d469b1b264e4d9a5b66dac95292,29
3-1-4-4-,5,210,1031,281,1125,71,94,pdq,08001838085704270eda4edc339b42a7eb586f18682740bf51998cf7bfbf7fff,3
3-2-,3,281,750,562,1125,281,375,pdq,0e78701c4a613bdec6365d03262393153efc44989b839766abdb587914ee3b6d,100
3-2-1-,4,281,750,421,937,140,187,pdq,c9b326c55d64b2db6d691936a6e84b39b4a6924568b35151b5364a999b55b52e,100
3-2-1-1-,5,281,750,351,843,70,93,pdq,f8c4e1e01916fe21bbb8b4311fb3fcdc2ee138bcf6e5d85c27e9fd0500560013,100
3-2-1-2-,5,351,750,421,843,70,93,pdq,94e024a7a173793f68a56e275b13914796569203b20337e34cb1d9b053fcb53f,100
3-2-1-3-,5,281,843,351,937,70,94,pdq,83adf273ceec88ddf039d6b11573a227c6c61dcb01941632fc4583d87e3b1f01,100
3-2-1-4-,5,351,843,421,937,70,94,pdq,d63ef18947fcbc21ff120cdcf246b72719f8e38e8a231d70c498b5c5e2c0ca1a,100
3-2-2-,4,421,750,562,937,141,187,pdq,980c6d928b4f6582e893df5bac9bf9c64643276df81413a02e6df0d037a68e5b,100
3-2-2-1-,5,421,750,491,843,70,93,pdq,4171d6a53e66d7a1db445822eab3ad4bb4b352992a8ca229c2bdf054de4abb69,100
3-2-2-2-,5,491,750,562,843,71,93,pdq,b4d924c92dc2e136097e8918fa41bfc3ebc314bc8fdc0abef107fec1f2890e50,100
3-2-2-3-,5,421,843,491,937,70,94,pdq,dbe4c7c8faa5481b38b32c1ab817c55ec3e0c7e8dae441c8bf11301a6e37daa5,100
3-2-2-4-,5,491,843,562,937,71,94,pdq,b8b2b0d2673e4f1cd1ed90c12c16a9f333e3d71cf73cf1e1384488530a833e2f,100
3-2-3-,4,281,937,421,1125,140,188,pdq,087cc5aa6e43bca5ec5424a68273e550b2bc510bee95f1ea167ecbb730ca9f60,100
3-2-3-1-,5,281,937,351,1031,70,94,pdq,e70b32390c2b3229a18f0e2113b771790f0fa4b5c877e7850f47e1e1787ee78c,100
3-2-3-2-,5,351,937,421,1031,70,94,pdq,1d78e7fc5edcb9fd243f584fe643a063c6354203c701a030fbd8198c87fc983c,100
3-2-3-3-,5,281,1031,351,1125,70,94,pdq,39aa15a819ca19add9cc9dacd9c6d5a64ce6a5a65692b66a924e4b6e2d370a93,100
3-2-3-4-,5,351,1031,421,1125,70,94,pdq,4d874687ed27ae875287d68983d3a9cdea2505d980f4f415cbc95bf23bc3c070,100
3-2-4-,4,421,937,562,1125,141,188,pdq,1f8975e171e1fac179c179d00bd42ecd350c359c33c433c4e702a61cc43fd96f,100
3-2-4-1-,5,421,937,491,1031,70,94,pdq,6a4e66e7bad649b34c932695d6d8a5b51732e74da668db2c8b325a0a5050a5f3,100
3-2-4-2-,5,491,937,562,1031,71,94,pdq,569d578123dc5b84d3f4a940a45258607c7f24fb1e3f5b25b79fe1910185365d,100
3-2-4-3-,5,421,1031,491,1125,70,94,pdq,b6ec6f7d914c39368880cdb7b1923fb2a49266b390894e6c9a4dce6c99ccda4c,100
3-2-4-4-,5,491,1031,562,1125,71,94,pdq,2b52531ac71255391a39bdad0ce1dea5a5e66bafaa5255068a581915f67aaae3,100
3-3-,3,0,1125,281,1500,281,375,pdq,74715fdcae831f5c54c3abb8c7c750a32ffcb8010fbe1c01971e836ad3c521e0,100
3-3-1-,4,0,1125,140,1312,140,187,pdq,366e39919b364cdb666433b299194cca86662db39b3cccd9c664c732c339369c,74
3-3-1-1-,5,0,1125,70,1218,70,93,pdq,6aaaa55564aaae9555b2aab45555aaaa95554aaaad5525aaa5b595aa5295da56,59
3-3-1-2-,5,70,1125,140,1218,70,93,pdq,0000ffff0000ffff0000ffff0000ffff0000ffff0000ffff0000ffff0007fff2,9
3-3-1-3-,5,0,1218,70,1312,70,94,pdq,c66b28c1d39c0d77e423938968d44637d25b0f8c70b4c73b38e7e38cde7058e3,25
3-3-1-4-,5,70,1218,140,1312,70,94,pdq,03f0c0ff80ffe0fc801fe03f801ff03f80077c1ff1871c1ff1833c1fe7038783,86
3-3-2-,4,140,1125,281,1312,141,187,pdq,d6a25d51a0b34ae996aad551aab55b55b5a84a5cb4acab4ed2b645695752ad81,64
3-3-2-1-,5,140,1125,210,1218,70,93,pdq,d296d2d21253ca68d2cab73b25ed6965db3486f492d68edc0c6638cb318e399c,34
3-3-2-2-,5,210,1125,281,1218,71,93,pdq,554e2dc5146aaef551ba5157aa3a56ab95556a88b66aaab55553aa9554aa5554,18
3-3-2-3-,5,140,1218,210,1312,70,94,pdq,47e1889ce079f8738b18ee1927033f89ccd9e6b81911e379ec79f17981b80fc1,30
3-3-2-4-,5,210,1218,281,1312,71,94,pdq,4ad44ab59aada4f569abda254aa9569532aa4d6dd9aa9654a49a5524926db59b,81
3-3-3-,4,0,1312,140,1500,140,188,pdq,db482c26d7e9226cb60127b6686cb7e14ac4b47e0bc14f66a97f1a0096df6d36,100
3-3-3-1-,5,0,1312,70,1406,70,94,pdq,f203137e86101b4d862679ffc260e8cf066c6f3c0b60fe571eb87c3e7c10f073,46
3-3-3-2-,5,70,1312,140,1406,70,94,pdq,19f001f184f80fe003f28ff339c947e40fe73bc3e7833dc13f873f011c639e06,100
3-3-3-3-,5,0,1406,70,1500,70,94,pdq,00cebfc78755e11cf8c91ee38c33c71ee38e78037df01c388709c3c731c7e1f0,100
3-3-3-4-,5,70,1406,140,1500,70,94,pdq,3b9e8ccc8c84d6d04c6e6465e66233af916789a3519b9cdee62d9718aa9cc639,100
3-3-4-,4,140,1312,281,1500,141,188,pdq,2be8e80757e85aabaaaaaa55bd54940b12d55255d95a936ab6ada4d5b49465b2,100
3-3-4-1-,5,140,1312,210,1406,70,94,pdq,03ff3820b30207fff47f60cecc84ec001f991c737fe6bb30fe0000027fffe02e,46
3-3-4-2-,5,210,1312,281,1406,71,94,pdq,4aa7ace6d2af295196b5ca72a5a69b4a6d2d665a822a0e967c4dc0e699cb339c,100
3-3-4-3-,5,140,1406,210,1500,70,94,pdq,fd4102fed4032bf8900f7fe0a01e57e1401ebfe3e89cafc352aa1554d5538d55,100
3-3-4-4-,5,210,1406,281,1500,71,94,pdq,557a57ea500a46bf0e20f80a47fe1feafaaafaaa8eaaf2aafaab0e20e00a8c2a,82
3-4-,3,281,1125,562,1500,281,375,pdq,b7fa0485e5fbf2062fd126ffe005fefb2e15a78aa2f5a008a20fa7c18788824d,100
3-4-1-,4,281,1125,421,1312,140,187,pdq,b655afd1f21926c1a65934d1841b27d1bc1fb7c1bc7dbf8790f1fc0c22413318,77
3-4-1-1-,5,281,1125,351,1218,70,93,pdq,08561afadea84a814207f5bffc2da01801fc7ffefad45204429d95bd57adc350,64
3-4-1-2-,5,351,1125,421,1218,70,93,pdq,54295729562956a956ad1ead57ad1ead1785138d1f8d1b8d0b8d1b8d9b8d0b8d,40
3-4-1-3-,5,281,1218,351,1312,70,94,pdq,8ac7ec3823d3986c4f53356c9b8328e88e6383387c97755cd5e740795f0e02f3,75
3-4-1-4-,5,351,1218,421,1312,70,94,pdq,b74984197e093810a66d69f6fce5000880693e8fe7ffff9f01f0e0007fc0a3fe,24
3-4-2-,4,421,1125,562,1312,141,187,pdq,0c180c190c19ce18cf19cb19cb19cb99c399c39bc39fc3afd3a7d3a753a752a6,55
3-4-2-1-,5,421,1125,491,1218,70,93,pdq,25a234b23652b655b645b225b3a5b3a591a4b1b69992d892c99292dbd4dbdcdb,70
3-4-2-2-,5,491,1125,562,1218,71,93,pdq,c1bec1a4c1284f09ce01440b0c0f041f053f053f8d3f9d7f9f7ab778b778b768,82
3-4-2-3-,5,421,1218,491,1312,70,94,pdq,0dc2bcd9fd061561a16dee95394c2e7786672ed41c16070fbf02612a176367de,13
3-4-2-4-,5,491,1218,562,1312,71,94,pdq,39c795e36c46a08c7b6e5cf6d9c2d42c1d184f1a3b3930e21c8df99f836912ce,13
3-4-3-,4,281,1312,421,1500,140,188,pdq,8fc481f8c00ec243ff79fdb67be161f8205e2003f03cfc3ffc235e10da136a19,100
3-4-3-1-,5,281,1312,351,1406,70,94,pdq,ce8f83d4d80a05bfe00e3720c11cf8073f983f8f5ff708de8a05c0e78ef50774,100
3-4-3-2-,5,351,1312,421,1406,70,94,pdq,1bd2dc0627f8fb874cf907270d98b067feb8338138e61f79c60e238191e0ccee,68
3-4-3-3-,5,281,1406,351,1500,70,94,pdq,e010fc1aff0a7f8dafc5fdc6dff2fff9bff927fc03fe003e000b040125014000,77
3-4-3-4-,5,351,1406,421,1500,70,94,pdq,69b16abb6bda415ae9486fa82bae2505e525ada5aaa6a092b094bed03eda7553,85
3-4-4-,4,421,1312,562,1500,141,188,pdq,b250c92f3fd6b248c9bd27d2b249c9bd27d23229c9be26ca12055dbe23c13f45,73
3-4-4-1-,5,421,1312,491,1406,70,94,pdq,86c61754ef31cc0374ac6776163ed6250fd0aceb2d949043e73eb46bb1863b38,12
3-4-4-2-,5,491,1312,562,1406,71,94,pdq,55acdd888508a35a0c5f429defb33336783550ed91c356a78e038739337939f5,16
3-4-4-3-,5,421,1406,491,1500,70,94,pdq,641c107471f2ffe23383ce0f653ded7ccce01a821887739ff7fdc53051008e27,72
3-4-4-4-,5,491,1406,562,1500,71,94,pdq,3ce81e354712c38bf0e538760e380f0d8787e8e338f9b47c4f0c4f8397c3f07c,86
4-,2,562,750,1125,1500,563,750,pdq,268b2c5de55bb32f1160b3a694b4a3858550486fed3b64a7be5e925b0a7c21bb,100
4-1-,3,562,750,843,1125,281,375,pdq,1d72e3c382c72f80a81a2bd6f8110fdafc53e1f77c11985c2e44e1d79153fe44,100
4-1-1-,4,562,750,702,937,140,187,pdq,f1918e0ef3311ccdc63ef9f3c60df83288ce67d98826f07047d99866d83227c9,100
4-1-1-1-,5,562,750,632,843,70,93,pdq,13e23f6e1c6e184ebe4c195810583af378d3705360d663e673c4e384c38ff39d,44
4-1-1-2-,5,632,750,702,843,70,93,pdq,ec75e65a416adfc76f1f1162ad6cee46fc6e0b72da0b02738127854a12728d98,13
4-1-1-3-,5,562,843,632,937,70,94,pdq,1d1a96add2462da355956946adbbd24c524ca9a95593226cacab5a5e9c5bdc1b,100
4-1-1-4-,5,632,843,702,937,70,94,pdq,b80f3f00e7fc3c0783c0e0f8f81f3e0730fc7f9f0100fdf8f0f81e071e0f0707,96
4-1-2-,4,702,750,843,937,141,187,pdq,212dac6d354de549b5e8a7692cc5c5559465b3ae922e72ac56b454b5aaa5aa95,100
4-1-2-1-,5,702,750,772,843,70,93,pdq,e8a489109361deb342d72c5f45ebc323f8a67569daa5b578aaf464aa99565a90,25
4-1-2-2-,5,772,750,843,843,71,93,pdq,c95350aad19b495349a94c2b6d1b6cb72c973c9334d3b29392d1facaa34957a9,100
4-1-2-3-,5,702,843,772,937,70,94,pdq,49275ac8d5beb54d2a925b2c50d354a5954aadd5a96da652a9a59a69da938ba6,63
4-1-2-4-,5,772,843,843,937,71,94,pdq,0aebaaaac021055d1dd571056033c2ee4e0a0c2ea8fb7df655c5ab8fabdd5555,61
4-1-3-,4,562,937,702,1125,140,188,pdq,d3442cba526bae96e96c16b3e82c03cb7c3588d8778789393ae0e58f1a30fae9,100
4-1-3-1-,5,562,937,632,1031,70,94,pdq,71e701d325d761a635d360b7148321f724c635f76097319764c3349720f765d7,52
4-1-3-2-,5,632,937,702,1031,70,94,pdq,bfe093f0f2f0cbe0f1101fe087e0e9c097b0fdc08bc0fdf0dbe027a0d1c0afe1,25
4-1-3-3-,5,562,1031,632,1125,70,94,pdq,71ad0d26e8a587167005c7aa1805b37565cb4a3bfcea5b9d9671b486af6c40db,100
4-1-3-4-,5,632,1031,702,1125,70,94,pdq,62729de371104ec59b1c263b4cc6db38a6412c9dfb33524e6499a1f7ff250a8b,100
4-1-4-,4,702,937,843,1125,141,188,pdq,fface02c0029575dffc1554045fb555e055607fe1faebd04bf04fe00e80102ff,72
4-1-4-1-,5,702,937,772,1031,70,94,pdq,0ff4fc1c0fcdf84fc1f0c0180f3cfc0d81f93983703c839d079f3e13f0f037e0,66
4-1-4-2-,5,772,937,843,1031,71,94,pdq,eab0eab0503554a755a797ecd6a8aa2952ab5553555755565554b540aaa59eab,55
4-1-4-3-,5,702,1031,772,1125,70,94,pdq,e027823801b700ef07ff1ffefc05c006003e01ff07fc1fe07fe0ff00300f3e7f,36
4-1-4-4-,5,772,1031,843,1125,71,94,pdq,555a54ab2aaaee1062b171ca6155a656aa5554d52a95aad5ab556ad5aad75aa5,19
4-2-,3,843,750,1125,1125,282,375,pdq,a038fc073e844fa607b3b4f152f85a4c8d2fd5975d423b89aef58c3aa18e82e6,100
4-2-1-,4,843,750,984,937,141,187,pdq,1b94fca90f56e5a85ac1a87e9e03410994c62ef3dc1d70eee9a3b1f8473ea08b,100
4-2-1-1-,5,843,750,913,843,70,93,pdq,99606e3833840cc1f33e18dbe620099b924765b86eccc9a3bb18ff67e6c98d9e,94
4-2-1-2-,5,913,750,984,843,71,93,pdq,b30566644cc6db19b34ce6c40d94d930f26cb64d3db32de6426dc2c9809b6fbb,41
4-2-1-3-,5,843,843,913,937,70,94,pdq,d0f943a31ba90e191fc06a72da0da750511ae9ead3f8b10b0aa98fad78557dec,100
4-2-1-4-,5,913,843,984,937,71,94,pdq,484b3326ded0274c89b273db1827a71059e42f9b71efca3735cdc0022ebc53af,100
4-2-2-,4,984,750,1125,937,141,187,pdq,180f2ed292245cbf67a0b8f22255d22c4d83d36b5d38174ffaf02a5ca2afeab8,100
4-2-2-1-,5,984,750,1054,843,70,93,pdq,de21309f176df1768d9278cf06095ce6733a83229e59416d278ade7e2161961f,85
4-2-2-2-,5,1054,750,1125,843,71,93,pdq,d1a42633ca4158bdd30d60e72e2542f9be37abc5681ad6a4157ae55636c5d4ab,100
4-2-2-3-,5,984,843,1054,937,70,94,pdq,e02125dd19fecc416fef2370190f6cfc6461153fd5d8b6621a39ef8938ec8036,100
4-2-2-4-,5,1054,843,1125,937,71,94,pdq,2d93edb94922b925963f136a2c11b69b4bf1883ef7031aeac51c5e8324eca63d,100
4-2-3-,4,843,937,984,1125,141,188,pdq,564a5a57da2e0a4aca8dc94a495dd52acb2aeab1af135b63cd276c8ba2ad9325,100
4-2-3-1-,5,843,937,913,1031,70,94,pdq,715371537102fb078a94c2bccabd9abd9af5d9a3d8a278a26892a8d5acd986c9,100
4-2-3-2-,5,913,937,984,1031,71,94,pdq,59c499ecdccecccc4cec0eec2e6c166c2a447c667a2fac7650ba88b1f0727a2b,100
4-2-3-3-,5,843,1031,913,1125,70,94,pdq,f51edc6de6f3cfc360ac85cd052db9b47671f134db6019ccdc0cf04805cc2761,65
4-2-3-4-,5,913,1031,984,1125,71,94,pdq,616a92d225b5c96dd2da2596dba5c749e61ae314f1a9d0d254e6da6950b94c7c,100
4-2-4-,4,984,937,1125,1125,141,188,pdq,5ce6a8e6a8c6ecc6a4c39447546256a776472666bb26ab36a99aa9996599751c,100
4-2-4-1-,5,984,937,1054,1031,70,94,pdq,415a534350435694eab6a2949a95b2b5a0adafada1ad2d2de5f57d51d9525a5a,100
4-2-4-2-,5,1054,937,1125,1031,71,94,pdq,8d2b858ce3d6e952f57016a80bc66b52457af4bcbe8f1142d108d5a057bc56bf,100
4-2-4-3-,5,984,1031,1054,1125,70,94,pdq,7381fc7f27c0f0211fce03fbf00f0ff0f81fcfe72718c00f3ff080190000bff3,100
4-2-4-4-,5,1054,1031,1125,1125,71,94,pdq,cf25b5c08fc1653d9619e488c9b4e259e55d714996886facf1f5e5545946e2a2,82
4-3-,3,562,1125,843,1500,281,375,pdq,b8cf67306cc31b3c2c619c9c1a790da69c983263c924f2db64b67b69b7363259,100
4-3-1-,4,562,1125,702,1312,140,187,pdq,f338f3387318f338f3387230623076347664ea66ee62ee22eea2e6c4e464e455,51
4-3-1-1-,5,562,1125,632,1218,70,93,pdq,c076a576a47fa46fa0efa0ae80ee806e085a09522952095479d4f9d5fcd5fee5,83
4-3-1-2-,5,632,1125,702,1218,70,93,pdq,ad54d7f25ae9fbf5bd57f7fedaeefb20fd00f590fa426a0850055420800aa005,40
4-3-1-3-,5,562,1218,632,1312,70,94,pdq,89dacb8912795f33c48f0740fcc2563770cd4cc684fc76578d4edbf6d19a4212,9
4-3-1-4-,5,632,1218,702,1312,70,94,pdq,67f07893e57683162afdf6110117a0168bbaaed2287ac458164af3e83bfda52d,5
4-3-2-,4,702,1125,843,1312,141,187,pdq,f6010038ff0080723ffcfe871fffe80623c0a000ffc7707fff077df4001efd00,40
4-3-2-1-,5,702,1125,772,1218,70,93,pdq,ceb400fb8196fd40fff00097fb807bff0fd038003fed007f3c00e1ff01fff800,22
4-3-2-2-,5,772,1125,843,1218,71,93,pdq,f00fea738bc59414db56eb38aaa2fa8e4369557641a12aebaa84aed5a5551555,7
4-3-2-3-,5,702,1218,772,1312,70,94,pdq,87812326c0f93c3987871e38e0f8819ef0fc4f87963fe1e03e1d1f874df070f8,65
4-3-2-4-,5,772,1218,843,1312,71,94,pdq,ab3bf0e3181e78a1d6fa0575a8b24abc61551e06b0412fa0e9eef98e1a24f5f5,3
4-3-3-,4,562,1312,702,1500,140,188,pdq,da9894b7b568a953aa075a984493aaa45dab5556fedd0aab55568555aaaaa2b2,100
4-3-3-1-,5,562,1312,632,1406,70,94,pdq,aa96552ca3536badd152aaa5454a213464eaa574a7e9e1568ead69faa58d998e,22
4-3-3-2-,5,632,1312,702,1406,70,94,pdq,a8fdab8269065a7556cb553af574a885255eba90aaa765ac457119477154baad,57
4-3-3-3-,5,562,1406,632,1500,70,94,pdq,8ead5009d756aeb5c0a95ffaf91580295ffa2755200176ba2f3601055aeafaba,88
4-3-3-4-,5,632,1406,702,1500,70,94,pdq,569f55b815601547555f5d58d8508877aae7aaeca8a94aab5fea5f6e41440555,78
4-3-4-,4,702,1312,843,1500,141,188,pdq,cf1ce63800e21cdcff730f8180f144e33f8eee01031e61d938fef80efc198767,100
4-3-4-1-,5,702,1312,772,1406,70,94,pdq,33694c12a4b35326b4bc8f09c65a1b89b8d28d0df63e179cce39a1521debc6f3,100
4-3-4-2-,5,772,1312,843,1406,71,94,pdq,a09aec546027c289a79e21c1f1efd337f96b57b320bab2094d7a06b5507a3957,2
4-3-4-3-,5,702,1406,772,1500,70,94,pdq,adad7252d213e82cb02a915b401514ad42bb2b52cdd5265f993b6ceeb337cd99,100
4-3-4-4-,5,772,1406,843,1500,71,94,pdq,803ff95f0fb00040c017ffcb0fe0c00307ffffff0fe0c00003f0f03fffe23f80,84
4-4-,3,843,1125,1125,1500,282,375,pdq,e91475ba4a6ba5754f5aa42b4647ad5f559a2aa992576dae5a9490490024ffd6,100
4-4-1-,4,843,1125,984,1312,141,187,pdq,2bb46ac5eaa72c55a155bd5ab55aa51dabddea55aa956af57aa802bb00aaf000,99
4-4-1-1-,5,843,1125,913,1218,70,93,pdq,4af8a726d312b0393aa55799d33b72f6bf1aa414136b40b2f6b62fed000ffe00,50
4-4-1-2-,5,913,1125,984,1218,71,93,pdq,551775215ad5d052d452d4a46555bd552dad25adb4b5d296abb529ad692b494a,78
4-4-1-3-,5,843,1218,913,1312,70,94,pdq,75eed174ec35c35ee52e84f02f89c589e2ea9b261f812d836cab4b7c03f081f0,59
4-4-1-4-,5,913,1218,984,1312,71,94,pdq,3a6af447328a44342b3bdfcc839ae5948bb8511d0389833f26bedc666847fe65,48
4-4-2-,4,984,1125,1125,1312,141,187,pdq,3ff33ef03471f049e0cdc6cd9fcc1fe819301832203621b627be27de87df8409,100
4-4-2-1-,5,984,1125,1054,1218,70,93,pdq,74c33334224c6ccb1cf933342ee41cc1153e1f64aec0eabbcb2e5f45465f0b9b,100
4-4-2-2-,5,1054,1125,1125,1218,71,93,pdq,783018791c07c78fc305f1e138e15e3cc73cc30f3087b8e7dcf0f678539883cf,84
4-4-2-3-,5,984,1218,1054,1312,70,94,pdq,06efd480937bb880060efdc2ac77ff88a1d7bb8004dc8e8c32daf762a137f662,48
4-4-2-4-,5,1054,1218,1125,1312,71,94,pdq,dea0c1e81a72046583d10f1d1fd2a8db7d3eac43f818e43e6197e778343d5963,47
4-4-3-,4,843,1312,984,1500,141,188,pdq,201300434283002a121e091e097e81ee0afe03fe0ffe06fe47fe05fe7ffa7ffe,100
4-4-3-1-,5,843,1312,913,1406,70,94,pdq,7156d61e309c92646a9ca1c141815b612dd14f05cc1b8d2ff81ff83ff81fe07f,100
4-4-3-2-,5,913,1312,984,1406,71,94,pdq,f2879b7f3d2706fb228f02b6b97a2c921d96e86af76ec2b047a099a8a442b954,100
4-4-3-3-,5,843,1406,913,1500,70,94,pdq,54aedecb00f15d4552ec25a45bc9264682f2ae2be8517b69e4b66e8307f9fc03,100
4-4-3-4-,5,913,1406,984,1500,71,94,pdq,afd449312f1faaede129b0c3502db26992a3bdd227cd50ffc0b6266658364837,100
4-4-4-,4,984,1312,1125,1500,141,188,pdq,4705952154a552f0cde272e35bf18c6dc7b5259d456eb4ba14584f3a496db5c6,100
4-4-4-1-,5,984,1312,1054,1406,70,94,pdq,03cfcd86c9c9c36d236582704a7224b9dbd8e9bc92dcb96c6c96ec0ed1269b1b,100
4-4-4-2-,5,1054,1312,1125,1406,71,94,pdq,1ab63c92b6d922490d65eda563b429944953f2591b6ccc67725932dd98d66733,100
4-4-4-3-,5,984,1406,1054,1500,70,94,pdq,6cb8350b54f44aadab05d35d56aa4aabaf53ad4e1aac5aa50a95b54aa52ae955,100
4-4-4-4-,5,1054,1406,1125,1500,71,94,pdq,7a198b4fb16cdfa443b76456674a206de72d33a2abb219975ce8198cb85519cc,100
